CREATE TABLE ALUMNO (
    ID_ALUMNO NUMBER(5) PRIMARY KEY,
    NOMBRE VARCHAR2(50),
    APELLIDOS VARCHAR2(50),
    FECHA_NAC DATE,
    EMAIL VARCHAR2(100)
);



INSERT INTO ALUMNO VALUES (1, 'Ana', 'Gómez López', DATE '2003-04-12', 'ana.gomez@dam.com');
INSERT INTO ALUMNO VALUES (2, 'Luis', 'Martín Pérez', DATE '2002-11-23', 'luis.martin@dam.com');
INSERT INTO ALUMNO VALUES (3, 'Carmen', 'Ruiz Ortega', DATE '2003-07-05', 'carmen.ruiz@dam.com');
INSERT INTO ALUMNO VALUES (4, 'Pedro', 'Santos Díaz', DATE '2002-02-19', 'pedro.santos@dam.com');
INSERT INTO ALUMNO VALUES (5, 'Lucía', 'Navarro Gil', DATE '2003-09-01', 'lucia.navarro@dam.com');


CREATE TABLE PROFESOR (
    ID_PROFESOR NUMBER(5) PRIMARY KEY,
    NOMBRE VARCHAR2(50),
    APELLIDOS VARCHAR2(50),
    ESPECIALIDAD VARCHAR2(50)
);



INSERT INTO PROFESOR VALUES (1, 'María', 'Jiménez Soto', 'Programación');
INSERT INTO PROFESOR VALUES (2, 'Javier', 'Torres Gil', 'Bases de Datos');
INSERT INTO PROFESOR VALUES (3, 'Rosa', 'Pérez López', 'Entornos de Desarrollo');
INSERT INTO PROFESOR VALUES (4, 'Andrés', 'Romero Díaz', 'Sistemas');


CREATE TABLE CURSO (
    ID_CURSO NUMBER(5) PRIMARY KEY,
    NOMBRE VARCHAR2(100),
    CREDITOS NUMBER(3),
    ID_PROFESOR NUMBER(5),
    CONSTRAINT FK_CURSO_PROF FOREIGN KEY (ID_PROFESOR) REFERENCES PROFESOR(ID_PROFESOR)
);




INSERT INTO CURSO VALUES (1, 'Programación Java', 6, 1);
INSERT INTO CURSO VALUES (2, 'Bases de Datos Oracle', 5, 2);
INSERT INTO CURSO VALUES (3, 'Entornos de Desarrollo', 4, 3);
INSERT INTO CURSO VALUES (4, 'Sistemas Operativos', 5, 4);
INSERT INTO CURSO VALUES (5, 'Programación Avanzada', 6, 1);


CREATE TABLE MATRICULA (
    ID_MATRICULA NUMBER(5) PRIMARY KEY,
    ID_ALUMNO NUMBER(5),
    ID_CURSO NUMBER(5),
    FECHA_MATRICULA DATE,
    NOTA NUMBER(4,2),
    CONSTRAINT FK_MATRI_ALUMNO FOREIGN KEY (ID_ALUMNO) REFERENCES ALUMNO(ID_ALUMNO),
    CONSTRAINT FK_MATRI_CURSO FOREIGN KEY (ID_CURSO) REFERENCES CURSO(ID_CURSO)
);




INSERT INTO MATRICULA VALUES (1, 1, 1, DATE '2024-09-10', 8.5);
INSERT INTO MATRICULA VALUES (2, 1, 2, DATE '2024-09-11', 7.0);
INSERT INTO MATRICULA VALUES (3, 2, 2, DATE '2024-09-12', 9.2);
INSERT INTO MATRICULA VALUES (4, 2, 3, DATE '2024-09-13', 8.0);
INSERT INTO MATRICULA VALUES (5, 3, 1, DATE '2024-09-10', 6.5);
INSERT INTO MATRICULA VALUES (6, 4, 4, DATE '2024-09-14', 5.8);
INSERT INTO MATRICULA VALUES (7, 5, 1, DATE '2024-09-11', 9.1);
INSERT INTO MATRICULA VALUES (8, 5, 5, DATE '2024-09-15', 8.7);

