/*
USE AulaVirtual;

INSERT INTO comentario (autor, f_publicacion, texto) VALUES
('Usuario1', '2025-01-01', 'Muy interesante artículo sobre ciberseguridad.'),
('Usuario2', '2025-01-10', 'Es importante proteger nuestras contraseñas.'),
('Usuario3', '2025-01-03', 'Gran aporte sobre técnicas de hacking ético.'),
('Usuario4', '2025-01-01', 'Nunca supe lo fácil que era vulnerar una contraseña débil.'),
('Usuario5', '2025-01-05', 'Gracias por la información sobre ataques de phishing.'),
('Usuario6', '2025-01-01', 'Artículo claro y bien explicado.'),
('Usuario7', '2025-01-07', 'Debemos usar autenticación de dos factores siempre.'),
('Usuario8', '2025-01-08', 'Excelente guía para configurar un gestor de contraseñas.'),
('Usuario9', '2025-01-01', 'Recomiendo este artículo a todos mis amigos.'),
('Usuario10', '2025-01-10', 'Los datos aquí expuestos son impactantes.'),
('Usuario11', '2025-01-01', 'Me ayudó a entender más sobre ciberseguridad.'),
('Usuario12', '2025-01-12', 'Gracias por hablar sobre contraseñas seguras.'),
('Usuario13', '2025-01-13', 'Este artículo me hizo reflexionar.'),
('Usuario14', '2025-01-13', '¿Hay alguna herramienta recomendada para protegerme?'),
('Usuario15', '2025-01-13', 'Nunca dejes de aprender sobre ciberseguridad.');

INSERT INTO articulo (titulo, autor, f_publicacion, id_coment) VALUES
('Cómo proteger tus contraseñas', 'Autor1', '2025-01-01', 1),
('Top 5 prácticas de ciberseguridad', 'Autor2', '2025-01-02', 2),
('Evita el phishing con estos consejos', 'Autor3', '2025-01-03', 3),
('Ciberseguridad para principiantes', 'Autor4', '2025-01-04', 4),
('Gestores de contraseñas: ¿Cuál elegir?', 'Autor5', '2025-01-05', 5),
('Hacking ético explicado', 'Autor6', '2025-01-06', 6),
('Errores comunes al crear contraseñas', 'Autor7', '2025-01-07', 7),
('Qué es un ataque de fuerza bruta', 'Autor8', '2025-01-08', 8),
('Proteger dispositivos IoT', 'Autor9', '2025-01-09', 9),
('Ciberseguridad en redes sociales', 'Autor10', '2025-01-10', 10),
('Impacto del ransomware en empresas', 'Autor11', '2025-01-11', 11),
('Los riesgos del Wi-Fi público', 'Autor12', '2025-01-12', 12),
('VPN: Una necesidad moderna', 'Autor13', '2025-01-13', 13),
('Ciberseguridad en smartphones', 'Autor14', '2025-01-14', 14),
('Cómo detectar malware', 'Autor15', '2025-01-15', 15);

INSERT INTO art_contrasenia (id_art_contrasenia) VALUES
(1),
(5),
(7);

INSERT INTO art_ciberseguridad (id_art_ciberseguridad, cve) VALUES
(2, 'CVE-2023-1345'),
(3, 'CVE-2022-6790'),
(4, 'CVE-2021-1223'),
(6, 'CVE-2020-8765'),
(8, 'CVE-2024-5321'),
(9, 'CVE-2019-2480'),
(10, 'CVE-2023-1379'),
(11, 'CVE-2022-8620'),
(12, 'CVE-2021-3115'),
(13, 'CVE-2020-0001'),
(14, 'CVE-2024-5555'),
(15, 'CVE-2018-8888');

INSERT INTO evaluacion (nombre) VALUES
('Evaluacion1'),
('Evaluacion2'),
('Evaluacion3'),
('Evaluacion final'),
('Evaluacion oficial'),
('Evaluacion extra');

INSERT INTO curso (nombre, dificultad, duracion, compuesto, id_evaluacion_curso) VALUES
('Introducción a la Programación en JavaScript', 'Fácil', '00:45:00', NULL, 1),
('Técnicas de Optimización de Algoritmos', 'Medio', '02:30:00', NULL, 1);

INSERT INTO curso (nombre, dificultad, duracion, compuesto, id_evaluacion_curso) VALUES
('Arquitectura de Computadores y Redes', 'Difícil', '04:00:00', 2, 1);


INSERT INTO curso (nombre, dificultad, duracion, compuesto, id_evaluacion_curso) VALUES
('Introducción a la Programación', 'Fácil', '01:00:00', 1, 1),
('Bases de Datos Relacionales', 'Medio', '03:15:00', NULL, 1),
('Desarrollo de Aplicaciones Web', 'Difícil', '05:30:00', 1, 1),
('Fundamentos de Ciberseguridad', 'Fácil', '00:30:00', NULL, 1),
('Inteligencia Artificial para Principiantes', 'Medio', '01:45:00', 2, 1),
('Desarrollo de Videojuegos', 'Difícil', '06:00:00', NULL, 1),
('Algoritmos y Estructuras de Datos', 'Fácil', '00:50:00', NULL, 1),
('Programación en Python', 'Medio', '02:00:00', NULL, 1),
('Redes Informáticas Avanzadas', 'Difícil', '07:30:00', 3, 1),
('Fundamentos de Machine Learning', 'Fácil', '01:15:00', 1, 1),
('Administración de Sistemas Linux', 'Medio', '04:15:00', NULL, 1),
('Ciencia de Datos con R', 'Difícil', '08:00:00', NULL, 1),
('Introducción a la Programación en Java', 'Fácil', '00:40:00', NULL, 1),
('Desarrollo Web con React', 'Medio', '02:10:00', NULL, 1),
('Arquitectura de Computadores', 'Difícil', '10:00:00', NULL, 1),
('Principios de Diseño de Software', 'Fácil', '01:20:00', 1, 1),
('Automatización con Python', 'Medio', '03:30:00', 2, 1),
('Análisis de Datos con SQL', 'Difícil', '09:45:00', 3, 1),
('Ciberseguridad para Principiantes', 'Fácil', '00:35:00', 1, 1),
('Desarrollo de Aplicaciones Móviles', 'Medio', '04:45:00', 2, 1),
('Blockchain para Desarrolladores', 'Difícil', '11:15:00', 3, 1),
('Introducción a la Computación Cuántica', 'Fácil', '01:05:00', 1, 1),
('Programación en C', 'Medio', '03:10:00', 2, 1),
('Ingeniería de Software Ágil', 'Difícil', '12:30:00', 3, 1),
('Análisis de Algoritmos', 'Fácil', '00:55:00', 1, 1),
('Estadística para Ciencia de Datos', 'Medio', '02:50:00', 2, 1),
('Desarrollo de Software con JavaScript', 'Difícil', '50:00:00', 3, 1),
('Fundamentos de la Inteligencia Artificial', 'Fácil', '00:30:00', NULL, 1),
('Desarrollo de API REST', 'Medio', '02:20:00', 1, 1),
('Seguridad en Redes y Sistemas', 'Difícil', '05:15:00', 2, 1),
('Conceptos Básicos de Redes', 'Fácil', '00:40:00', NULL, 1),
('Programación en Ruby', 'Medio', '03:00:00', NULL, 1),
('Desarrollo de Software para la Nube', 'Difícil', '04:45:00', 1, 1),
('Fundamentos de Blockchain', 'Fácil', '01:10:00', NULL, 1),
('Ingeniería de Datos', 'Medio', '02:40:00', 2, 1),
('Tecnologías Emergentes en Informática', 'Difícil', '06:30:00', NULL, 1),
('Fundamentos de la Inteligencia Artificial en Python', 'Fácil', '01:30:00', NULL, 1),
('Desarrollo de Interfaces de Usuario con Angular', 'Medio', '02:55:00', NULL, 1),
('Redes Neuronales y Deep Learning', 'Difícil', '07:00:00', 3, 1),
('Introducción a la Programación con C#', 'Fácil', '00:50:00', 1, 1),
('Big Data con Hadoop', 'Medio', '03:40:00', NULL, 1),
('Desarrollo de Videojuegos con Unity', 'Difícil', '08:30:00', NULL, 1),
('Cálculo Numérico para Programadores', 'Fácil', '01:00:00', NULL, 1),
('Sistemas Operativos Avanzados', 'Medio', '02:25:00', NULL, 1),
('Análisis de Seguridad en Aplicaciones Web', 'Difícil', '09:15:00', NULL, 1),
('Introducción a las Redes de Computadoras', 'Fácil', '01:15:00', 1, 1),
('Gestión de Proyectos de Software', 'Medio', '03:50:00', 2, 1);


INSERT INTO tipo_suscripcion (tipo) VALUES
('Gratuita'),
('Avanzada'),
('Profesional');

INSERT INTO usuario (nombre, apellido_1, apellido_2, telefono, ciudad, dni, email) VALUES
('Carlos', 'Martínez', 'López', 123456789, 'Madrid', '12345678A', 'carlos@gmail.com'),
('María', 'González', 'Pérez', 987654321, 'Barcelona', '23456789B', 'maria@gmail.com'),
('Luis', 'Hernández', 'Sánchez', 654987321, 'Valencia', '34567890C', 'luis@gmail.com'),
('Laura', 'Díaz', 'Ramírez', 321654987, 'Sevilla', '45678901D', 'laura@gmail.com'),
('Jorge', 'Pérez', 'Moreno', 123789456, 'Madrid', '56789012E', 'jorge@gmail.com'),
('Ana', 'López', 'Martínez', 112233445, 'Málaga', '67890123F', 'ana@gmail.com'),
('Pablo', 'Rodríguez', 'Fernández', 223344556, 'Bilbao', '78901234G', 'pablo@gmail.com'),
('Elena', 'García', 'Hernández', 334455667, 'Barcelona', '89012345H', 'elena@gmail.com'),
('Raúl', 'Sánchez', 'Gómez', 445566778, 'Zaragoza', '90123456I', 'raul@gmail.com'),
('Clara', 'Moreno', 'Díaz', 556677889, 'Valencia', '01234567J', 'clara@gmail.com'),
('Javier', 'Pérez', 'López', 667788990, 'Murcia', '12345678K', 'javier@gmail.com'),
('Isabel', 'Gómez', 'Martínez', 778899001, 'Madrid', '23456789L', 'isabel@gmail.com'),
('Alberto', 'Hernández', 'Pérez', 889900112, 'Alicante', '34567890M', 'alberto@gmail.com'),
('Lucía', 'Díaz', 'Rodríguez', 990011223, 'Granada', '45678901N', 'lucia@gmail.com'),
('Diego', 'Ramírez', 'González', 123123123, 'Sevilla', '56789012O', 'diego@gmail.com'),
('Marta', 'Fernández', 'Moreno', 234234234, 'Bilbao', '67890123P', 'marta@gmail.com'),
('Héctor', 'Martínez', 'Sánchez', 345345345, 'Tarragona', '78901234Q', 'hector@gmail.com'),
('Carla', 'López', 'Ramírez', 456456456, 'Pamplona', '89012345R', 'carla@gmail.com'),
('Fernando', 'González', 'Díaz', 567567567, 'Valladolid', '90123456S', 'fernando@gmail.com'),
('Nuria', 'Sánchez', 'García', 678678678, 'Córdoba', '01234567T', 'nuria@gmail.com'),
('Rubén', 'Moreno', 'Martínez', 789789789, 'Murcia', '12345678U', 'ruben@gmail.com'),
('Sofía', 'Pérez', 'Fernández', 890890890, 'Barcelona', '23456789V', 'sofia@gmail.com'),
('Adrián', 'García', 'López', 901901901, 'Madrid', '34567890W', 'adrian@gmail.com'),
('Paula', 'Rodríguez', 'Sánchez', 112112112, 'Sevilla', '45678901X', 'paula@gmail.com'),
('Miguel', 'Hernández', 'Díaz', 223223223, 'Málaga', '56789012Y', 'miguel@gmail.com'),
('Raúl', 'Fernández', 'Martínez', 334334334, 'Sevilla', '67890123Z', 'raul_fernandez@gmail.com'),
('José', 'González', 'Sánchez', 445445445, 'Granada', '78901234A', 'jose.gonzalez@gmail.com'),
('Isabel', 'Rodríguez', 'García', 556556556, 'Barcelona', '89012345B', 'isabel.rodriguez@gmail.com'),
('Antonio', 'Sánchez', 'Moreno', 667667667, 'Zaragoza', '90123456C', 'antonio.sanchez@gmail.com'),
('María', 'Fernández', 'González', 778778778, 'Córdoba', '01234567D', 'maria.fernandez@gmail.com'),
('Luis', 'González', 'Pérez', 889889889, 'Alicante', '12345678E', 'luis.gonzalez@gmail.com'),
('Elena', 'Pérez', 'Rodríguez', 990990990, 'Sevilla', '23456789F', 'elena.perez@gmail.com'),
('Carlos', 'Ramírez', 'Sánchez', 112233445, 'Valencia', '34567890G', 'carlos.ramirez@gmail.com'),
('Clara', 'Martínez', 'López', 223344556, 'Málaga', '45678901H', 'clara.martinez@gmail.com'),
('Alberto', 'Sánchez', 'Gómez', 334455667, 'Barcelona', '56789012I', 'alberto.sanchez@gmail.com'),
('Javier', 'García', 'Fernández', 445566778, 'Granada', '67890123J', 'javier.garcia@gmail.com'),
('Lucía', 'Rodríguez', 'Pérez', 556677889, 'Madrid', '78901234K', 'lucia.rodriguez@gmail.com'),
('Diego', 'Moreno', 'Díaz', 667788990, 'Zaragoza', '89012345L', 'diego.moreno@gmail.com'),
('Nuria', 'Fernández', 'López', 778899001, 'Bilbao', '90123456M', 'nuria.fernandez@gmail.com'),
('Rubén', 'González', 'Sánchez', 889900112, 'Málaga', '01234567N', 'ruben.gonzalez@gmail.com'),
('Miguel', 'Pérez', 'Fernández', 998877665, 'Alicante', '12345678O', 'miguel.perez@gmail.com'),
('Sara', 'Gómez', 'López', 887766554, 'Córdoba', '23456789P', 'sara.gomez@gmail.com'),
('Andrés', 'Rodríguez', 'Sánchez', 776655443, 'Sevilla', '34567890Q', 'andres.rodriguez@gmail.com'),
('Raquel', 'Martínez', 'González', 665544332, 'Barcelona', '45678901R', 'raquel.martinez@gmail.com'),
('Tomás', 'Hernández', 'Moreno', 554433221, 'Granada', '56789012S', 'tomas.hernandez@gmail.com'),
('Laura', 'López', 'Pérez', 443322110, 'Madrid', '67890123T', 'laura.lopez@gmail.com'),
('Carlos', 'Sánchez', 'Rodríguez', 332211009, 'Zaragoza', '78901234U', 'carlos.sanchez@gmail.com'),
('Eva', 'Pérez', 'Martínez', 221100998, 'Málaga', '89012345V', 'eva.perez@gmail.com'),
('Jorge', 'Ramírez', 'Fernández', 110099887, 'Valencia', '90123456W', 'jorge.ramirez@gmail.com'),
('Inés', 'González', 'Hernández', 998877665, 'Bilbao', '01234567X', 'ines.gonzalez@gmail.com'),
('Antonio', 'Martínez', 'Rodríguez', 887766554, 'Alicante', '12345678Y', 'antonio.martinez@gmail.com'),
('María', 'López', 'Sánchez', 776655443, 'Córdoba', '23456789Z', 'maria.lopez@gmail.com'),
('Luis', 'Hernández', 'Fernández', 665544332, 'Madrid', '34567890A', 'luis.hernandez@gmail.com'),
('David', 'Gómez', 'Moreno', 554433221, 'Sevilla', '45678901B', 'david.gomez@gmail.com'),
('Carmen', 'Rodríguez', 'González', 443322110, 'Granada', '56789012C', 'carmen.rodriguez@gmail.com'),
('Antonio', 'Gómez', 'Pérez', 332211009, 'Barcelona', '67890123D', 'antonio.gomez@gmail.com'),
('Pedro', 'Sánchez', 'Ramírez', 221100998, 'Zaragoza', '78901234E', 'pedro.sanchez@gmail.com'),
('Beatriz', 'Moreno', 'González', 110099887, 'Valencia', '89012345F', 'beatriz.moreno@gmail.com'),
('Miguel', 'Fernández', 'Sánchez', 998877665, 'Bilbao', '90123456G', 'miguel.fernandez@gmail.com'),
('Cristina', 'López', 'Hernández', 887766554, 'Alicante', '01234567H', 'cristina.lopez@gmail.com'),
('Ana', 'Martín', 'González', 123456789, 'Madrid', '12345678A', 'ana.martin@gmail.com'),
('Juan', 'Fernández', 'López', 987654321, 'Barcelona', '23456789B', 'juan.fernandez@gmail.com'),
('Marta', 'López', 'Pérez', 654987321, 'Valencia', '34567890C', 'marta.lopez@gmail.com'),
('Luis', 'Rodríguez', 'González', 321654987, 'Sevilla', '45678901D', 'luis.rodriguez@gmail.com'),
('Carmen', 'Sánchez', 'García', 123789456, 'Zaragoza', '56789012E', 'carmen.sanchez@gmail.com'),
('Pedro', 'Gómez', 'Fernández', 987123654, 'Bilbao', '67890123F', 'pedro.gomez@gmail.com'),
('Laura', 'Martínez', 'Rodríguez', 654321987, 'Málaga', '78901234G', 'laura.martinez@gmail.com'),
('Carlos', 'Pérez', 'López', 321987654, 'Córdoba', '89012345H', 'carlos.perez@gmail.com'),
('Isabel', 'Hernández', 'Sánchez', 123654789, 'Madrid', '90123456I', 'isabel.hernandez@gmail.com'),
('Antonio', 'Sánchez', 'Gómez', 987654123, 'Barcelona', '01234567J', 'antonio.sanchez@gmail.com'),
('Elena', 'González', 'Martínez', 654987123, 'Valencia', '12345678K', 'elena.gonzalez@gmail.com'),
('Javier', 'Rodríguez', 'Pérez', 321654321, 'Sevilla', '23456789L', 'javier.rodriguez@gmail.com'),
('Raquel', 'González', 'López', 123789654, 'Zaragoza', '34567890M', 'raquel.gonzalez@gmail.com'),
('Miguel', 'Gómez', 'Rodríguez', 987123456, 'Bilbao', '45678901N', 'miguel.gomez@gmail.com'),
('Paula', 'Pérez', 'Fernández', 654321654, 'Málaga', '56789012O', 'paula.perez@gmail.com'),
('David', 'Martínez', 'Sánchez', 321987321, 'Córdoba', '67890123P', 'david.martinez@gmail.com'),
('Mónica', 'Hernández', 'González', 123654123, 'Madrid', '78901234Q', 'monica.hernandez@gmail.com'),
('Felipe', 'Sánchez', 'López', 987654987, 'Barcelona', '89012345R', 'felipe.sanchez@gmail.com'),
('Sofía', 'Pérez', 'Rodríguez', 654987654, 'Valencia', '90123456S', 'sofia.perez@gmail.com'),
('Juan', 'González', 'Gómez', 321654987, 'Sevilla', '01234567T', 'juan.gonzalez@gmail.com'),
('Mercedes', 'Martínez', 'López', 123789987, 'Zaragoza', '12345678U', 'mercedes.martinez@gmail.com'),
('Ángel', 'Rodríguez', 'Hernández', 987123321, 'Bilbao', '23456789V', 'angel.rodriguez@gmail.com'),
('Cristina', 'Sánchez', 'Martínez', 654321123, 'Málaga', '34567890W', 'cristina.sanchez@gmail.com'),
('Ricardo', 'Pérez', 'González', 321987987, 'Córdoba', '45678901X', 'ricardo.perez@gmail.com'),
('Sergio', 'Gómez', 'Rodríguez', 123654654, 'Madrid', '56789012Y', 'sergio.gomez@gmail.com'),
('Verónica', 'Sánchez', 'López', 987654654, 'Barcelona', '67890123Z', 'veronica.sanchez@gmail.com'),
('Martín', 'Hernández', 'Gómez', 654987987, 'Valencia', '78901234A', 'martin.hernandez@gmail.com'),
('Lucía', 'Martínez', 'Rodríguez', 321654654, 'Sevilla', '89012345B', 'lucia.martinez@gmail.com'),
('Luis', 'González', 'López', 123789321, 'Zaragoza', '90123456C', 'luis.gonzalez@gmail.com'),
('Joaquín', 'Pérez', 'Sánchez', 987123789, 'Bilbao', '01234567D', 'joaquin.perez@gmail.com'),
('Margarita', 'Gómez', 'Fernández', 654321987, 'Málaga', '12345678E', 'margarita.gomez@gmail.com'),
('Iván', 'Sánchez', 'Rodríguez', 321987654, 'Córdoba', '23456789F', 'ivan.sanchez@gmail.com'),
('Diana', 'Hernández', 'Martínez', 123654987, 'Madrid', '34567890G', 'diana.hernandez@gmail.com'),
('Raúl', 'González', 'López', 987654321, 'Barcelona', '45678901H', 'raul.gonzalez@gmail.com'),
('Beatriz', 'Jiménez', 'Molina', 654321987, 'Valencia', '56789012I', 'beatriz.jimenez@gmail.com'),
('Óscar', 'Pérez', 'López', 321654987, 'Sevilla', '67890123J', 'oscar.perez@gmail.com'),
('Raquel', 'Torres', 'Sánchez', 123789654, 'Zaragoza', '78901234K', 'raquel.torres@gmail.com'),
('David', 'Alonso', 'Gómez', 987123321, 'Bilbao', '89012345L', 'david.alonso@gmail.com'),
('Carla', 'Martín', 'Fernández', 654987654, 'Málaga', '90123456M', 'carla.martin@gmail.com'),
('Pedro', 'Martínez', 'López', 234567890, 'Madrid', '12345678N', 'pedro.martinez@gmail.com'),
('Lucía', 'González', 'Pérez', 987654321, 'Barcelona', '23456789O', 'lucia.gonzalez@gmail.com'),
('David', 'Sánchez', 'Rodríguez', 654321987, 'Sevilla', '34567890P', 'david.sanchez@gmail.com'),
('Marta', 'López', 'Gómez', 123987654, 'Valencia', '45678901Q', 'marta.lopez@gmail.com'),
('Carlos', 'González', 'Hernández', 987654123, 'Bilbao', '56789012R', 'carlos.gonzalez@gmail.com'),
('Sofía', 'Martínez', 'Fernández', 654987321, 'Zaragoza', '67890123S', 'sofia.martinez@gmail.com'),
('Javier', 'Rodríguez', 'López', 321654987, 'Córdoba', '78901234T', 'javier.rodriguez@gmail.com'),
('Elena', 'Sánchez', 'Gómez', 123789456, 'Madrid', '89012345U', 'elena.sanchez@gmail.com'),
('Raúl', 'Gómez', 'Pérez', 987123654, 'Sevilla', '90123456V', 'raul.gomez@gmail.com'),
('Antonio', 'López', 'Martínez', 654321987, 'Barcelona', '01234567W', 'antonio.lopez@gmail.com'),
('Verónica', 'González', 'Sánchez', 321987654, 'Valencia', '12345678X', 'veronica.gonzalez@gmail.com'),
('Ricardo', 'Pérez', 'Rodríguez', 987654321, 'Bilbao', '23456789Y', 'ricardo.perez@gmail.com'),
('Cristina', 'Sánchez', 'Fernández', 654987321, 'Zaragoza', '34567890Z', 'cristina.sanchez@gmail.com'),
('Fernando', 'Martínez', 'López', 321654987, 'Córdoba', '45678901A', 'fernando.martinez@gmail.com'),
('José', 'González', 'Hernández', 123789654, 'Sevilla', '56789012B', 'jose.gonzalez@gmail.com'),
('Luis', 'Rodríguez', 'Pérez', 987123654, 'Barcelona', '67890123C', 'luis.rodriguez@gmail.com'),
('Paula', 'López', 'Gómez', 654321987, 'Valencia', '78901234D', 'paula.lopez@gmail.com'),
('Manuel', 'González', 'Sánchez', 321987654, 'Bilbao', '89012345E', 'manuel.gonzalez@gmail.com'),
('María', 'Sánchez', 'Rodríguez', 123456789, 'Zaragoza', '90123456F', 'maria.sanchez@gmail.com'),
('Fernando', 'Pérez', 'López', 987654321, 'Madrid', '01234567G', 'fernando.perez@gmail.com'),
('Patricia', 'Martínez', 'González', 654987321, 'Sevilla', '12345678H', 'patricia.martinez@gmail.com'),
('Luis', 'Gómez', 'Pérez', 321654987, 'Córdoba', '23456789I', 'luis.gomez@gmail.com'),
('Ana', 'Rodríguez', 'Hernández', 987123654, 'Barcelona', '34567890J', 'ana.rodriguez@gmail.com'),
('Sergio', 'Sánchez', 'López', 654321987, 'Valencia', '45678901K', 'sergio.sanchez@gmail.com'),
('Eva', 'Pérez', 'Gómez', 321987654, 'Bilbao', '56789012L', 'eva.perez@gmail.com'),
('Álvaro', 'González', 'Rodríguez', 123456789, 'Zaragoza', '67890123M', 'alvaro.gonzalez@gmail.com'),
('Julia', 'Martínez', 'Sánchez', 987654321, 'Sevilla', '78901234N', 'julia.martinez@gmail.com'),
('Antonio', 'Gómez', 'Pérez', 654987321, 'Madrid', '89012345O', 'antonio.gomez@gmail.com'),
('Raquel', 'Sánchez', 'López', 321654987, 'Barcelona', '90123456P', 'raquel.sanchez@gmail.com'),
('José', 'Rodríguez', 'Martínez', 987123654, 'Valencia', '01234567Q', 'jose.rodriguez@gmail.com'),
('Carlos', 'López', 'Gómez', 654321987, 'Bilbao', '12345678R', 'carlos.lopez@gmail.com'),
('Rosa', 'Pérez', 'Rodríguez', 321987654, 'Zaragoza', '23456789S', 'rosa.perez@gmail.com'),
('Felipe', 'Martínez', 'Sánchez', 987654321, 'Sevilla', '34567890T', 'felipe.martinez@gmail.com'),
('Alberto', 'González', 'López', 654987321, 'Córdoba', '45678901U', 'alberto.gonzalez@gmail.com'),
('Diana', 'Gómez', 'Rodríguez', 321654987, 'Barcelona', '56789012V', 'diana.gomez@gmail.com'),
('Javier', 'Rodríguez', 'Pérez', 987123654, 'Valencia', '67890123W', 'javier.rodriguez@gmail.com'),
('Inés', 'Sánchez', 'López', 654321987, 'Madrid', '78901234X', 'ines.sanchez@gmail.com'),
('Francisco', 'González', 'Martínez', 321987654, 'Sevilla', '89012345Y', 'francisco.gonzalez@gmail.com'),
('José', 'Pérez', 'Rodríguez', 987654321, 'Bilbao', '90123456Z', 'jose.perez@gmail.com'),
('Ana', 'López', 'Gómez', 654987321, 'Zaragoza', '01234567A', 'ana.lopez@gmail.com'),
('Ricardo', 'Rodríguez', 'Sánchez', 321654987, 'Córdoba', '12345678B', 'ricardo.rodriguez@gmail.com'),
('Mónica', 'Sánchez', 'Gómez', 987123654, 'Valencia', '23456789C', 'monica.sanchez@gmail.com'),
('Martín', 'Gómez', 'López', 654321987, 'Sevilla', '34567890D', 'martin.gomez@gmail.com'),
('Mercedes', 'Pérez', 'Rodríguez', 321987654, 'Madrid', '45678901E', 'mercedes.perez@gmail.com'),
('Antonio', 'González', 'Sánchez', 987654321, 'Bilbao', '56789012F', 'antonio.gonzalez@gmail.com'),
('Juan', 'López', 'Martínez', 654987321, 'Zaragoza', '67890123G', 'juan.lopez@gmail.com'),
('Paula', 'Gómez', 'Rodríguez', 321654987, 'Córdoba', '78901234H', 'paula.gomez@gmail.com'),
('Raquel', 'Rodríguez', 'Sánchez', 987123654, 'Madrid', '89012345I', 'raquel.rodriguez@gmail.com'),
('Luis', 'Martínez', 'Pérez', 654321987, 'Sevilla', '90123456J', 'luis.martinez@gmail.com'),
('Ana', 'González', 'López', 321987654, 'Valencia', '01234567K', 'ana.gonzalez@gmail.com'),
('José', 'Rodríguez', 'Martínez', 987654321, 'Bilbao', '12345678L', 'jose.rodriguez@gmail.com');

INSERT INTO profesor (id_profesor) VALUES
(1),
(2),
(3),
(4),
(5),
(6);

INSERT INTO curso_profesor (id_curso_curso_profesor, id_profesor_curso_profesor, f_publicacion) VALUES  
(1, 3, '2023-09-15'),  
(2, 1, '2022-11-20'),  
(3, 5, '2023-05-10'),  
(4, 2, '2022-12-01'),  
(5, 4, '2023-06-18'),  
(6, 6, '2022-08-25'),  
(7, 3, '2023-07-13'),  
(8, 1, '2023-04-09'),  
(9, 5, '2022-10-30'),  
(10, 2, '2023-02-22'),  
(11, 4, '2023-01-15'),  
(12, 6, '2023-08-11'),  
(13, 3, '2023-05-21'),  
(14, 1, '2022-07-17'),  
(15, 5, '2023-03-30'),  
(16, 2, '2022-09-19'),  
(17, 4, '2023-06-07'),  
(18, 6, '2023-01-10'),  
(19, 3, '2023-10-02'),  
(20, 1, '2023-04-25'),  
(21, 5, '2023-09-04'),  
(22, 2, '2023-06-22'),  
(23, 4, '2023-03-17'),  
(24, 6, '2023-05-12'),  
(25, 3, '2023-09-15'),  
(26, 1, '2023-02-15'),  
(27, 5, '2023-08-19'),  
(28, 2, '2023-04-05'),  
(29, 4, '2023-07-20'),  
(30, 6, '2023-01-30'),  
(31, 3, '2023-09-25'),  
(32, 1, '2023-02-15'),  
(33, 5, '2023-07-08'),  
(34, 2, '2023-03-05'),  
(35, 4, '2023-08-30'),  
(36, 6, '2023-06-16'),  
(37, 3, '2023-11-18'),  
(38, 1, '2023-02-08'),  
(39, 5, '2023-04-28'),  
(40, 2, '2023-05-25'),  
(41, 4, '2023-09-13'),  
(42, 6, '2023-07-01'),  
(43, 3, '2023-06-12'),  
(44, 1, '2023-08-09'),  
(45, 5, '2023-10-21'),  
(46, 2, '2023-03-14'),  
(47, 4, '2023-07-26'),  
(48, 6, '2023-01-21'),  
(49, 3, '2023-08-05'),  
(50, 1, '2023-09-02');

INSERT INTO alumno (id_alumno) VALUES 
(3), 
(4), 
(5), 
(6), 
(7), 
(8), 
(9), 
(10), 
(11), 
(12), 
(13), 
(14), 
(15), 
(16), 
(17), 
(18), 
(19), 
(20), 
(21), 
(22), 
(23), 
(24), 
(25),
(26),
(27),
(28),
(29),
(30),
(31),
(32),
(33),
(34),
(35),
(36),
(37),
(38),
(39),
(40),
(41),
(42),
(43),
(44),
(45),
(46),
(47),
(48),
(49),
(50),
(51),
(52),
(53),
(54),
(55),
(56),
(57),
(58),
(59),
(60),
(61),
(62),
(63),
(64),
(65),
(66),
(67),
(68),
(69),
(70),
(71),
(72),
(73),
(74),
(75),
(76),
(77),
(78),
(79),
(80),
(81),
(82),
(83),
(84),
(85),
(86),
(87),
(88),
(89),
(90),
(91),
(92),
(93),
(94),
(95),
(96),
(97),
(98),
(99),
(100),
(101),
(102),
(103),
(104),
(105),
(106),
(107),
(108),
(109),
(110),
(111),
(112),
(113),
(114),
(115),
(116),
(117),
(118),
(119),
(120),
(121),
(122),
(123),
(124),
(125),
(126),
(127),
(128),
(129),
(130),
(131),
(132),
(133),
(134),
(135),
(136),
(137),
(138),
(139),
(140),
(141),
(142),
(143),
(144),
(145),
(146),
(147),
(148),
(149),
(150);

INSERT INTO alumno_curso (id_alumno_alumno_curso, id_curso_alumno_curso) VALUES
(3, 10),
(4, 15),
(5, 20),
(6, 5),
(7, 25),
(8, 30),
(9, 40),
(10, 35),
(11, 10),
(12, 45),
(13, 15),
(14, 5),
(15, 25),
(16, 30),
(17, 20),
(18, 10),
(19, 45),
(20, 35),
(21, 5),
(22, 40),
(23, 15),
(24, 30),
(25, 25),
(26, 10),
(27, 5),
(28, 45),
(29, 15),
(30, 35),
(31, 20),
(32, 25),
(33, 40),
(34, 10),
(35, 45),
(36, 30),
(37, 5),
(38, 25),
(39, 20),
(40, 35),
(41, 40),
(42, 10),
(43, 5),
(44, 15),
(45, 30),
(46, 20),
(47, 25),
(48, 45),
(49, 35),
(50, 10),
(51, 5),
(52, 40),
(53, 25),
(54, 15),
(55, 30),
(56, 20),
(57, 35),
(58, 10),
(59, 45),
(60, 5),
(61, 25),
(62, 30),
(63, 20),
(64, 40),
(65, 35),
(66, 10),
(67, 5),
(68, 45),
(69, 25),
(70, 15),
(71, 30),
(72, 20),
(73, 35),
(74, 10),
(75, 5),
(76, 40),
(77, 25),
(78, 30),
(79, 15),
(80, 5),
(81, 20),
(82, 35),
(83, 10),
(84, 40),
(85, 25),
(86, 30),
(87, 5),
(88, 45),
(89, 20),
(90, 35),
(91, 10),
(92, 5),
(93, 25),
(94, 15),
(95, 30),
(96, 40),
(97, 10),
(98, 5),
(99, 25),
(100, 15),
(101, 30),
(102, 40),
(103, 20),
(104, 35),
(105, 10),
(106, 5),
(107, 25),
(108, 15),
(109, 30),
(110, 40),
(111, 20),
(112, 35),
(113, 5),
(114, 25),
(115, 30),
(116, 10),
(117, 45),
(118, 5),
(119, 25),
(120, 30),
(121, 20),
(122, 35),
(123, 40),
(124, 10),
(125, 5),
(126, 30),
(127, 25),
(128, 40),
(129, 15),
(130, 10),
(131, 30),
(132, 5),
(133, 25),
(134, 20),
(135, 35),
(136, 10),
(137, 45),
(138, 5),
(139, 25),
(140, 30);

INSERT INTO alumno_evaluacion (id_alumno_alumno_evaluacion, id_evaluacion_alumno_evaluacion, intentos) VALUES  
(3, 1, 1),
(4, 2, 2),
(5, 3, 3),
(6, 4, 1),
(7, 5, 2),
(8, 6, 3),
(9, 1, 1),
(10, 2, 2),
(11, 3, 3),
(12, 4, 1),
(13, 5, 2),
(14, 6, 3),
(15, 1, 1),
(16, 2, 2),
(17, 3, 3),
(18, 4, 1),
(19, 5, 2),
(20, 6, 3),
(21, 1, 1),
(22, 2, 2),
(23, 3, 3),
(24, 4, 1),
(25, 5, 2),
(26, 6, 3),
(27, 1, 1),
(28, 2, 2),
(29, 3, 3),
(30, 4, 1),
(31, 5, 2),
(32, 6, 3),
(33, 1, 1),
(34, 2, 2),
(35, 3, 3),
(36, 4, 1),
(37, 5, 2),
(38, 6, 3),
(39, 1, 1),
(40, 2, 2),
(41, 3, 3),
(42, 4, 1),
(43, 5, 2),
(44, 6, 3),
(45, 1, 1),
(46, 2, 2),
(47, 3, 3),
(48, 4, 1),
(49, 5, 2),
(50, 6, 3),
(51, 1, 1),
(52, 2, 2),
(53, 3, 3),
(54, 4, 1),
(55, 5, 2),
(56, 6, 3),
(57, 1, 1),
(58, 2, 2),
(59, 3, 3),
(60, 4, 1),
(61, 5, 2),
(62, 6, 3),
(63, 1, 1),
(64, 2, 2),
(65, 3, 3),
(66, 4, 1),
(67, 5, 2),
(68, 6, 3),
(69, 1, 1),
(70, 2, 2),
(71, 3, 3),
(72, 4, 1),
(73, 5, 2),
(74, 6, 3),
(75, 1, 1),
(76, 2, 2),
(77, 3, 3),
(78, 4, 1),
(79, 5, 2),
(80, 6, 3),
(81, 1, 1),
(82, 2, 2),
(83, 3, 3),
(84, 4, 1),
(85, 5, 2),
(86, 6, 3),
(87, 1, 1),
(88, 2, 2),
(89, 3, 3),
(90, 4, 1),
(91, 5, 2),
(92, 6, 3),
(93, 1, 1),
(94, 2, 2),
(95, 3, 3),
(96, 4, 1),
(97, 5, 2),
(98, 6, 3),
(99, 1, 1),
(100, 2, 2),
(101, 3, 3),
(102, 4, 1),
(103, 5, 2),
(104, 6, 3),
(105, 1, 1),
(106, 2, 2),
(107, 3, 3),
(108, 4, 1),
(109, 5, 2),
(110, 6, 3),
(111, 1, 1),
(112, 2, 2),
(113, 3, 3),
(114, 4, 1),
(115, 5, 2),
(116, 6, 3),
(117, 1, 1),
(118, 2, 2),
(119, 3, 3),
(120, 4, 1);

INSERT INTO articulo_usuario (id_articulo_articulo_usuario, id_usuario_articulo_usuario) VALUES
(1, 25),
(2, 12),
(3, 45),
(4, 87),
(5, 99),
(6, 50),
(7, 110),
(8, 60),
(9, 130),
(10, 115),
(11, 78),
(12, 140),
(13, 22),
(14, 55),
(15, 135),
(1, 45),
(2, 99),
(3, 110),
(4, 60),
(5, 78),
(1, 29),
(2, 103),
(3, 56),
(4, 41),
(5, 134),
(6, 68),
(7, 13),
(8, 91),
(9, 48),
(10, 126),
(11, 72),
(12, 110),
(13, 115),
(14, 5),
(15, 88),
(1, 140),
(2, 34),
(3, 19),
(4, 112),
(5, 79),
(6, 24),
(7, 101),
(8, 33),
(9, 72),
(10, 150),
(11, 43),
(12, 90),
(13, 67),
(14, 123),
(15, 55),
(1, 88),
(2, 105),
(3, 120),
(4, 67),
(5, 52),
(6, 134),
(7, 77),
(8, 80),
(9, 145),
(10, 30);

INSERT INTO suscripcion (precio, tipo) VALUES
(0, 1),
(5, 2),
(10, 3);

INSERT INTO contrato (id_contrato, f_inicio, f_fin, id_usuario_contrato, id_suscripcion_contrato) VALUES
(1, '2023-01-01', '2025-12-31', 1, 1),
(2, '2023-02-01', '2025-12-31', 2, 2),
(3, '2023-03-01', '2025-12-31', 3, 3),
(4, '2023-04-01', '2025-12-31', 4, 1),
(5, '2023-05-01', '2025-12-31', 5, 2),
(6, '2023-06-01', '2025-12-31', 6, 3),
(7, '2023-07-01', '2025-12-31', 7, 1),
(8, '2023-08-01', '2025-12-31', 8, 2),
(9, '2023-09-01', '2025-12-31', 9, 3),
(10, '2023-10-01', '2025-12-31', 10, 1),
(11, '2023-11-01', '2025-12-31', 11, 2),
(12, '2023-12-01', '2025-12-31', 12, 3),
(13, '2023-01-15', '2025-12-15', 13, 1),
(14, '2023-02-15', '2025-12-15', 14, 2),
(15, '2023-03-15', '2025-12-15', 15, 3),
(16, '2023-04-15', '2025-12-15', 16, 1),
(17, '2023-05-15', '2025-12-15', 17, 2),
(18, '2023-06-15', '2025-12-15', 18, 3),
(19, '2023-07-15', '2025-12-15', 19, 1),
(20, '2023-08-15', '2025-12-15', 20, 2),
(21, '2025-09-01', '2025-12-31', 21, 1),
(22, '2025-10-01', '2025-12-31', 22, 2),
(23, '2023-11-01', '2025-12-31', 23, 3),
(24, '2023-12-01', '2025-12-31', 24, 1),
(25, '2023-01-01', NULL, 25, 2),
(26, '2023-02-01', NULL, 26, 3),
(27, '2023-03-01', NULL, 27, 1),
(28, '2023-04-01', NULL, 28, 2),
(29, '2023-05-01', NULL, 29, 3),
(30, '2023-06-01', NULL, 30, 1),
(31, '2023-07-01', NULL, 31, 2),
(32, '2023-08-01', NULL, 32, 3),
(33, '2023-09-01', NULL, 33, 1),
(34, '2023-10-01', NULL, 34, 2),
(35, '2023-11-01', NULL, 35, 3),
(36, '2023-12-01', NULL, 36, 1),
(37, '2023-01-15', NULL, 37, 2),
(38, '2023-02-15', NULL, 38, 3),
(39, '2023-03-15', NULL, 39, 1),
(40, '2023-04-15', NULL, 40, 2),
(41, '2023-05-15', NULL, 41, 3),
(42, '2023-06-15', NULL, 42, 1),
(43, '2023-07-15', NULL, 43, 2),
(44, '2023-08-15', NULL, 44, 3),
(45, '2023-09-15', NULL, 45, 1),
(46, '2023-10-15', NULL, 46, 2),
(47, '2023-11-15', NULL, 47, 3),
(48, '2023-12-15', NULL, 48, 1),
(49, '2023-01-01', NULL, 49, 2),
(50, '2023-02-01', NULL, 50, 3),
(51, '2023-01-15', NULL, 51, 1),
(52, '2023-02-15', NULL, 52, 2),
(53, '2023-03-15', NULL, 53, 3),
(54, '2023-04-15', NULL, 54, 1),
(55, '2023-05-15', NULL, 55, 2),
(56, '2023-06-15', NULL, 56, 3),
(57, '2023-07-15', NULL, 57, 1),
(58, '2023-08-15', NULL, 58, 2),
(59, '2023-09-15', NULL, 59, 3),
(60, '2023-10-15', NULL, 60, 1),
(61, '2023-11-15', NULL, 61, 2),
(62, '2023-12-15', NULL, 62, 3),
(63, '2023-01-01', NULL, 63, 1),
(64, '2023-02-01', NULL, 64, 2),
(65, '2023-03-01', NULL, 65, 3),
(66, '2023-04-01', NULL, 66, 1),
(67, '2023-05-01', NULL, 67, 2),
(68, '2023-06-01', NULL, 68, 3),
(69, '2023-07-01', NULL, 69, 1),
(70, '2023-08-01', NULL, 70, 2),
(71, '2023-09-01', NULL, 71, 3),
(72, '2023-10-01', NULL, 72, 1),
(73, '2023-11-01', NULL, 73, 2),
(74, '2023-12-01', NULL, 74, 3),
(75, '2023-01-15', NULL, 75, 1),
(76, '2023-02-15', NULL, 76, 2),
(77, '2023-03-15', NULL, 77, 3),
(78, '2023-04-15', NULL, 78, 1),
(79, '2023-05-15', NULL, 79, 2),
(80, '2023-06-15', NULL, 80, 3),
(81, '2023-07-15', NULL, 81, 1),
(82, '2023-08-15', NULL, 82, 2),
(83, '2023-09-15', NULL, 83, 3),
(84, '2023-10-15', NULL, 84, 1),
(85, '2023-11-15', NULL, 85, 2),
(86, '2023-12-15', NULL, 86, 3),
(87, '2023-01-01', NULL, 87, 1),
(88, '2023-02-01', NULL, 88, 2),
(89, '2023-03-01', NULL, 89, 3),
(90, '2023-04-01', NULL, 90, 1),
(91, '2023-05-01', NULL, 91, 2),
(92, '2023-06-01', NULL, 92, 3),
(93, '2023-07-01', NULL, 93, 1),
(94, '2023-08-01', NULL, 94, 2),
(95, '2023-09-01', NULL, 95, 3),
(96, '2023-10-01', NULL, 96, 1),
(97, '2023-11-01', NULL, 97, 2),
(98, '2023-12-01', NULL, 98, 3),
(99, '2023-01-15', NULL, 99, 1),
(100, '2023-02-15', NULL, 100, 2),
(101, '2023-03-15', NULL, 101, 3),
(102, '2023-04-15', NULL, 102, 1),
(103, '2023-05-15', NULL, 103, 2),
(104, '2023-06-15', NULL, 104, 3),
(105, '2023-07-15', NULL, 105, 1),
(106, '2023-08-15', NULL, 106, 2),
(107, '2023-09-15', NULL, 107, 3),
(108, '2023-10-15', NULL, 108, 1),
(109, '2023-11-15', NULL, 109, 2),
(110, '2023-12-15', NULL, 110, 3),
(111, '2023-01-01', NULL, 111, 1),
(112, '2023-02-01', NULL, 112, 2),
(113, '2023-03-01', NULL, 113, 3),
(114, '2023-04-01', NULL, 114, 1),
(115, '2023-05-01', NULL, 115, 2),
(116, '2023-06-01', NULL, 116, 3),
(117, '2023-07-01', NULL, 117, 1),
(118, '2023-08-01', NULL, 118, 2),
(119, '2023-09-01', NULL, 119, 3),
(120, '2023-10-01', NULL, 120, 1),
(121, '2023-11-01', NULL, 121, 2),
(122, '2023-12-01', NULL, 122, 3),
(123, '2023-01-15', NULL, 123, 1),
(124, '2023-02-15', NULL, 124, 2),
(125, '2023-03-15', NULL, 125, 3),
(126, '2023-04-15', NULL, 126, 1),
(127, '2023-05-15', NULL, 127, 2),
(128, '2023-06-15', NULL, 128, 3),
(129, '2023-07-15', NULL, 129, 1),
(130, '2023-08-15', NULL, 130, 2),
(131, '2023-09-15', NULL, 131, 3),
(132, '2023-10-15', NULL, 132, 1),
(133, '2023-11-15', NULL, 133, 2),
(134, '2023-12-15', NULL, 134, 3),
(135, '2023-01-01', NULL, 135, 1),
(136, '2023-02-01', NULL, 136, 2),
(137, '2023-03-01', NULL, 137, 3),
(138, '2023-04-01', NULL, 138, 1),
(139, '2023-05-01', NULL, 139, 2),
(140, '2023-06-01', NULL, 140, 3),
(141, '2023-07-01', NULL, 141, 1),
(142, '2023-08-01', NULL, 142, 2),
(143, '2023-09-01', NULL, 143, 3),
(144, '2023-10-01', NULL, 144, 1),
(145, '2023-11-01', NULL, 145, 2),
(146, '2023-12-01', NULL, 146, 3),
(147, '2023-01-15', NULL, 147, 1),
(148, '2023-02-15', NULL, 148, 2);

*/